model_ID,model,Npar,n_elements,df,Deviance,p.value
8,Na,56,1,1,4.123096242402426,0.04230159077031189
21,Al+Na,57,2,2,6.398394521975661,0.04079493852661331
78,Mn+Na,57,2,2,6.211980163027874,0.0447801605946941
85,Na+O,56,2,1,4.123096242402426,0.04230159077031189
86,Na+Si,56,2,1,4.123096242402426,0.04230159077031189
87,Na+Ti,57,2,2,6.863981303492437,0.032322533779918075
89,Na+W,57,2,2,6.2156291326095925,0.044698534358313
90,Na+Y,57,2,2,6.5383130789227835,0.03803849751980166
156,Al+Mn+Na,58,3,3,8.613373194325504,0.03489845236885023
163,Al+Na+O,57,3,2,6.398394521975661,0.04079493852661331
164,Al+Na+Si,57,3,2,6.398394521975661,0.04079493852661331
165,Al+Na+Ti,58,3,3,9.19382654783567,0.02682182870249349
167,Al+Na+W,58,3,3,8.533902268340626,0.03617483428602463
168,Al+Na+Y,58,3,3,8.771334143516015,0.03249080274184731
180,Al+Ti+Y,58,3,3,8.079662402707527,0.04439369684153972
183,Al+W+Y,58,3,3,7.843545859519054,0.04935826245285369
331,Hg+Na+Ti,58,3,3,8.269689764058967,0.04075476382400312
334,Hg+Na+Y,58,3,3,7.97845057910763,0.04645917300269588
414,Mn+Na+O,57,3,2,6.211980163027874,0.0447801605946941
415,Mn+Na+Si,57,3,2,6.211980163027874,0.0447801605946941
416,Mn+Na+Ti,58,3,3,8.552182725948114,0.03587725243434449
418,Mn+Na+W,58,3,3,8.338465268398977,0.0395108280441438
419,Mn+Na+Y,58,3,3,8.519057676573539,0.0364182577067424
435,Na+O+Si,56,3,1,4.123096242402426,0.04230159077031189
436,Na+O+Ti,57,3,2,6.863981303492437,0.032322533779918075
438,Na+O+W,57,3,2,6.2156291326095925,0.044698534358313
439,Na+O+Y,57,3,2,6.5383130789227835,0.03803849751980166
440,Na+Si+Ti,57,3,2,6.863981303492437,0.032322533779918075
442,Na+Si+W,57,3,2,6.2156291326095925,0.044698534358313
443,Na+Si+Y,57,3,2,6.5383130789227835,0.03803849751980166
445,Na+Ti+W,58,3,3,9.005841966275511,0.029213315158612366
446,Na+Ti+Y,58,3,3,9.1233901879932091,0.027694543723155322
449,Na+W+Y,58,3,3,8.945579485821781,0.03002325588558309
608,Al+Hg+Mn+Na,59,4,4,10.008529765897038,0.0402842440731176
617,Al+Hg+Na+Ti,59,4,4,10.584029560220188,0.03165897988832182
619,Al+Hg+Na+W,59,4,4,9.936602905846485,0.041509246067712995
620,Al+Hg+Na+Y,59,4,4,10.195996487217144,0.037252445583251144
632,Al+Hg+Ti+Y,59,4,4,9.512208353859023,0.04949699644006067
700,Al+Mn+Na+O,58,4,3,8.613373194325504,0.03489845236885023
701,Al+Mn+Na+Si,58,4,3,8.613373194325504,0.03489845236885023
702,Al+Mn+Na+Ti,59,4,4,10.994429157983632,0.026626694328055138
704,Al+Mn+Na+W,59,4,4,10.785388771077578,0.029084829916558176
705,Al+Mn+Na+Y,59,4,4,10.875017598789327,0.028005141336294687
716,Al+Mn+Ti+W,59,4,4,9.567755650152776,0.048373484158153394
717,Al+Mn+Ti+Y,59,4,4,9.796707332247024,0.04399495134568749
720,Al+Mn+W+Y,59,4,4,9.961119505704119,0.04108773645421163
721,Al+Na+O+Si,57,4,2,6.398394521975661,0.04079493852661331
722,Al+Na+O+Ti,58,4,3,9.19382654783567,0.02682182870249349
724,Al+Na+O+W,58,4,3,8.533902268340626,0.03617483428602463
725,Al+Na+O+Y,58,4,3,8.771334143516015,0.03249080274184731
726,Al+Na+Si+Ti,58,4,3,9.19382654783567,0.02682182870249349
728,Al+Na+Si+W,58,4,3,8.533902268340626,0.03617483428602463
729,Al+Na+Si+Y,58,4,3,8.771334143516015,0.03249080274184731
731,Al+Na+Ti+W,59,4,4,11.380152487346095,0.022608010854210832
732,Al+Na+Ti+Y,59,4,4,11.410523908474715,0.022317829969704488
735,Al+Na+W+Y,59,4,4,11.220043890615216,0.024199217732790997
742,Al+O+Ti+Y,58,4,3,8.079662402707527,0.04439369684153972
745,Al+O+W+Y,58,4,3,7.843545859519054,0.04935826245285369
748,Al+Si+Ti+Y,58,4,3,8.079662402707527,0.04439369684153972
751,Al+Si+W+Y,58,4,3,7.843545859519054,0.04935826245285369
754,Al+Ti+W+Y,59,4,4,10.51049083699445,0.03265278788972998
1207,Hg+Mn+Na+Ti,59,4,4,9.948750099400513,0.04129988549465685
1209,Hg+Mn+Na+W,59,4,4,9.744385659764248,0.044960781104238165
1210,Hg+Mn+Na+Y,59,4,4,9.94692501238751,0.0413312766137475
1227,Hg+Na+O+Ti,58,4,3,8.269689764058967,0.04075476382400312
1230,Hg+Na+O+Y,58,4,3,7.97845057910763,0.04645917300269588
1231,Hg+Na+Si+Ti,58,4,3,8.269689764058967,0.04075476382400312
1234,Hg+Na+Si+Y,58,4,3,7.97845057910763,0.04645917300269588
1236,Hg+Na+Ti+W,59,4,4,10.406282097802432,0.03411270906247551
1237,Hg+Na+Ti+Y,59,4,4,10.545798611341525,0.032171939556399715
1240,Hg+Na+W+Y,59,4,4,10.381248908931411,0.03447266831462579
1401,Mn+Na+O+Si,57,4,2,6.211980163027874,0.0447801605946941
1402,Mn+Na+O+Ti,58,4,3,8.552182725948114,0.03587725243434449
1404,Mn+Na+O+W,58,4,3,8.338465268398977,0.0395108280441438
1405,Mn+Na+O+Y,58,4,3,8.519057676573539,0.0364182577067424
1406,Mn+Na+Si+Ti,58,4,3,8.552182725948114,0.03587725243434449
1408,Mn+Na+Si+W,58,4,3,8.338465268398977,0.0395108280441438
1409,Mn+Na+Si+Y,58,4,3,8.519057676573539,0.0364182577067424
1411,Mn+Na+Ti+W,59,4,4,10.720128146952447,0.02989614843610007
1412,Mn+Na+Ti+Y,59,4,4,10.731623747377398,0.02975166753409341
1415,Mn+Na+W+Y,59,4,4,10.9550253403645,0.0270741445895755
1436,Na+O+Si+Ti,57,4,2,6.863981303492437,0.032322533779918075
1438,Na+O+Si+W,57,4,2,6.2156291326095925,0.044698534358313
1439,Na+O+Si+Y,57,4,2,6.5383130789227835,0.03803849751980166
1441,Na+O+Ti+W,58,4,3,9.005841966275511,0.029213315158612366
1442,Na+O+Ti+Y,58,4,3,9.1233901879932091,0.027694543723155322
1445,Na+O+W+Y,58,4,3,8.945579485821781,0.03002325588558309
1447,Na+Si+Ti+W,58,4,3,9.005841966275511,0.029213315158612366
1448,Na+Si+Ti+Y,58,4,3,9.1233901879932091,0.027694543723155322
1451,Na+Si+W+Y,58,4,3,8.945579485821781,0.03002325588558309
1454,Na+Ti+W+Y,59,4,4,11.572250386714131,0.02083241528092106
1637,Al+Ca+Mn+Na+Ti,60,5,5,11.089424008422156,0.049635514659587786
1666,Al+Ca+Na+Ti+W,60,5,5,11.577541713652408,0.04105810638325433
1667,Al+Ca+Na+Ti+Y,60,5,5,11.509301916554705,0.04216655809662376
1670,Al+Ca+Na+W+Y,60,5,5,11.365100541020638,0.0446028428236315
1831,Al+Fe+Na+Ti+W,60,5,5,11.380159952319445,0.04434231541905641
1832,Al+Fe+Na+Ti+Y,60,5,5,11.426943457491234,0.04354211844821924
1835,Al+Fe+Na+W+Y,60,5,5,11.22540687415767,0.04708952221987348
1920,Al+Hg+Mn+Na+O,59,5,4,10.008529765897038,0.0402842440731176
1921,Al+Hg+Mn+Na+Si,59,5,4,10.008529765897038,0.0402842440731176
1922,Al+Hg+Mn+Na+Ti,60,5,5,12.374894472232882,0.02999671643546778
1924,Al+Hg+Mn+Na+W,60,5,5,12.175187250326417,0.032464582382106394
1925,Al+Hg+Mn+Na+Y,60,5,5,12.286713806289754,0.031063479428818867
1937,Al+Hg+Mn+Ti+Y,60,5,5,11.21910898625265,0.047204661059380953
1940,Al+Hg+Mn+W+Y,60,5,5,11.394258767937572,0.044099712092384315
1942,Al+Hg+Na+O+Ti,59,5,4,10.584029560220188,0.03165897988832182
1944,Al+Hg+Na+O+W,59,5,4,9.936602905846485,0.041509246067712995
1945,Al+Hg+Na+O+Y,59,5,4,10.195996487217144,0.037252445583251144
1946,Al+Hg+Na+Si+Ti,59,5,4,10.584029560220188,0.03165897988832182
1948,Al+Hg+Na+Si+W,59,5,4,9.936602905846485,0.041509246067712995
1949,Al+Hg+Na+Si+Y,59,5,4,10.195996487217144,0.037252445583251144
1951,Al+Hg+Na+Ti+W,60,5,5,12.764940446529181,0.02568397875972087
1952,Al+Hg+Na+Ti+Y,60,5,5,12.817230354071398,0.025153062931291523
1955,Al+Hg+Na+W+Y,60,5,5,12.640098671348369,0.026995287611116463
1962,Al+Hg+O+Ti+Y,59,5,4,9.512208353859023,0.04949699644006067
1968,Al+Hg+Si+Ti+Y,59,5,4,9.512208353859023,0.04949699644006067
1974,Al+Hg+Ti+W+Y,60,5,5,11.938511705861401,0.03564009521812856
2006,Al+K+Mn+Na+Ti,60,5,5,11.255235776869085,0.04654778161606383
2009,Al+K+Mn+Na+Y,60,5,5,11.195890811153731,0.047631440528682664
2035,Al+K+Na+Ti+W,60,5,5,11.593589327613245,0.040801479507896
2036,Al+K+Na+Ti+Y,60,5,5,11.734573199944862,0.03861141638624258
2039,Al+K+Na+W+Y,60,5,5,11.522501349716094,0.04194996473550848
2091,Al+Mg+Na+Ti+W,60,5,5,11.43331628703163,0.043434179846732486
2092,Al+Mg+Na+Ti+Y,60,5,5,11.452463526377414,0.04311139925627149
2095,Al+Mg+Na+W+Y,60,5,5,11.258355829641005,0.046491457964401545
2116,Al+Mn+Na+O+Si,58,5,3,8.613373194325504,0.03489845236885023
2117,Al+Mn+Na+O+Ti,59,5,4,10.994429157983632,0.026626694328055138
2119,Al+Mn+Na+O+W,59,5,4,10.785388771077578,0.029084829916558176
2120,Al+Mn+Na+O+Y,59,5,4,10.875017598789327,0.028005141336294687
2121,Al+Mn+Na+Si+Ti,59,5,4,10.994429157983632,0.026626694328055138
2123,Al+Mn+Na+Si+W,59,5,4,10.785388771077578,0.029084829916558176
2124,Al+Mn+Na+Si+Y,59,5,4,10.875017598789327,0.028005141336294687
2126,Al+Mn+Na+Ti+W,60,5,5,13.20904966071248,0.02149655231444013
2127,Al+Mn+Na+Ti+Y,60,5,5,13.128483420326575,0.022204033229038907
2130,Al+Mn+Na+W+Y,60,5,5,13.354725628559208,0.020271948987154786
2136,Al+Mn+O+Ti+W,59,5,4,9.567755650152776,0.048373484158153394
2137,Al+Mn+O+Ti+Y,59,5,4,9.796707332247024,0.04399495134568749
2140,Al+Mn+O+W+Y,59,5,4,9.961119505704119,0.04108773645421163
2142,Al+Mn+Si+Ti+W,59,5,4,9.567755650152776,0.048373484158153394
2143,Al+Mn+Si+Ti+Y,59,5,4,9.796707332247024,0.04399495134568749
2146,Al+Mn+Si+W+Y,59,5,4,9.961119505704119,0.04108773645421163
2149,Al+Mn+Ti+W+Y,60,5,5,12.251589000557487,0.03149840517549808
2151,Al+Na+O+Si+Ti,58,5,3,9.19382654783567,0.02682182870249349
2153,Al+Na+O+Si+W,58,5,3,8.533902268340626,0.03617483428602463
2154,Al+Na+O+Si+Y,58,5,3,8.771334143516015,0.03249080274184731
2156,Al+Na+O+Ti+W,59,5,4,11.380152487346095,0.022608010854210832
2157,Al+Na+O+Ti+Y,59,5,4,11.410523908474715,0.022317829969704488
2160,Al+Na+O+W+Y,59,5,4,11.220043890615216,0.024199217732790997
2162,Al+Na+Si+Ti+W,59,5,4,11.380152487346095,0.022608010854210832
2163,Al+Na+Si+Ti+Y,59,5,4,11.410523908474715,0.022317829969704488
2166,Al+Na+Si+W+Y,59,5,4,11.220043890615216,0.024199217732790997
2167,Al+Na+Ti+V+W,60,5,5,11.403478640573667,0.04394174244025787
2168,Al+Na+Ti+V+Y,60,5,5,11.442935977342586,0.04327172790697011
2169,Al+Na+Ti+W+Y,60,5,5,13.90213905470955,0.0162431377951763
2170,Al+Na+V+W+Y,60,5,5,11.245148826695186,0.04673031428874161
2173,Al+O+Si+Ti+Y,58,5,3,8.079662402707527,0.04439369684153972
2176,Al+O+Si+W+Y,58,5,3,7.843545859519054,0.04935826245285369
2179,Al+O+Ti+W+Y,59,5,4,10.51049083699445,0.03265278788972998
2183,Al+Si+Ti+W+Y,59,5,4,10.51049083699445,0.03265278788972998
2664,Ca+Na+Ti+W+Y,60,5,5,11.6161726256787,0.04044291236261456
2994,Fe+Na+Ti+W+Y,60,5,5,11.611033801234043,0.04052424057631204
3152,Hg+Mn+Na+O+Ti,59,5,4,9.948750099400513,0.04129988549465685
3154,Hg+Mn+Na+O+W,59,5,4,9.744385659764248,0.044960781104238165
3155,Hg+Mn+Na+O+Y,59,5,4,9.94692501238751,0.0413312766137475
3156,Hg+Mn+Na+Si+Ti,59,5,4,9.948750099400513,0.04129988549465685
3158,Hg+Mn+Na+Si+W,59,5,4,9.744385659764248,0.044960781104238165
3159,Hg+Mn+Na+Si+Y,59,5,4,9.94692501238751,0.0413312766137475
3161,Hg+Mn+Na+Ti+W,60,5,5,12.111358452930745,0.03329336494732983
3162,Hg+Mn+Na+Ti+Y,60,5,5,12.144707753593138,0.03285785826702481
3165,Hg+Mn+Na+W+Y,60,5,5,12.378337784714404,0.029955779048925102
3186,Hg+Na+O+Si+Ti,58,5,3,8.269689764058967,0.04075476382400312
3189,Hg+Na+O+Si+Y,58,5,3,7.97845057910763,0.04645917300269588
3191,Hg+Na+O+Ti+W,59,5,4,10.406282097802432,0.03411270906247551
3192,Hg+Na+O+Ti+Y,59,5,4,10.545798611341525,0.032171939556399715
3195,Hg+Na+O+W+Y,59,5,4,10.381248908931411,0.03447266831462579
3197,Hg+Na+Si+Ti+W,59,5,4,10.406282097802432,0.03411270906247551
3198,Hg+Na+Si+Ti+Y,59,5,4,10.545798611341525,0.032171939556399715
3201,Hg+Na+Si+W+Y,59,5,4,10.381248908931411,0.03447266831462579
3204,Hg+Na+Ti+W+Y,60,5,5,12.990054047261765,0.02347215091981808
3291,K+Mn+Na+W+Y,60,5,5,11.19771381168448,0.047597800070688846
3330,K+Na+Ti+W+Y,60,5,5,11.816332747319848,0.0373929821738058
3400,Mg+Na+Ti+W+Y,60,5,5,11.596652909776367,0.040752661198033245
3417,Mn+Na+O+Si+Ti,58,5,3,8.552182725948114,0.03587725243434449
3419,Mn+Na+O+Si+W,58,5,3,8.338465268398977,0.0395108280441438
3420,Mn+Na+O+Si+Y,58,5,3,8.519057676573539,0.0364182577067424
3422,Mn+Na+O+Ti+W,59,5,4,10.720128146952447,0.02989614843610007
3423,Mn+Na+O+Ti+Y,59,5,4,10.731623747377398,0.02975166753409341
3426,Mn+Na+O+W+Y,59,5,4,10.9550253403645,0.0270741445895755
3428,Mn+Na+Si+Ti+W,59,5,4,10.720128146952447,0.02989614843610007
3429,Mn+Na+Si+Ti+Y,59,5,4,10.731623747377398,0.02975166753409341
3432,Mn+Na+Si+W+Y,59,5,4,10.9550253403645,0.0270741445895755
3435,Mn+Na+Ti+W+Y,60,5,5,13.202604190820239,0.021552345739306263
3453,Na+O+Si+Ti+W,58,5,3,9.005841966275511,0.029213315158612366
3454,Na+O+Si+Ti+Y,58,5,3,9.1233901879932091,0.027694543723155322
3457,Na+O+Si+W+Y,58,5,3,8.945579485821781,0.03002325588558309
3460,Na+O+Ti+W+Y,59,5,4,11.572250386714131,0.02083241528092106
3464,Na+Si+Ti+W+Y,59,5,4,11.572250386714131,0.02083241528092106
3466,Na+Ti+V+W+Y,60,5,5,11.613048791475649,0.04049233240641627
3733,Al+Ca+Hg+Na+Ti+W,61,6,6,12.968040491654847,0.04354628300455372
3734,Al+Ca+Hg+Na+Ti+Y,61,6,6,12.919891527124491,0.04432586122507396
3737,Al+Ca+Hg+Na+W+Y,61,6,6,12.789811422496314,0.046497872649204956
3899,Al+Ca+Mn+Na+O+Ti,60,6,5,11.089424008422156,0.049635514659587786
3903,Al+Ca+Mn+Na+Si+Ti,60,6,5,11.089424008422156,0.049635514659587786
3908,Al+Ca+Mn+Na+Ti+W,61,6,6,13.327424065015293,0.03812125602245542
3909,Al+Ca+Mn+Na+Ti+Y,61,6,6,13.176033538715274,0.040324148295891545
3912,Al+Ca+Mn+Na+W+Y,61,6,6,13.424618438352354,0.03676722685825103
3938,Al+Ca+Na+O+Ti+W,60,6,5,11.577541713652408,0.04105810638325433
3939,Al+Ca+Na+O+Ti+Y,60,6,5,11.509301916554705,0.04216655809662376
3942,Al+Ca+Na+O+W+Y,60,6,5,11.365100541020638,0.0446028428236315
3944,Al+Ca+Na+Si+Ti+W,60,6,5,11.577541713652408,0.04105810638325433
3945,Al+Ca+Na+Si+Ti+Y,60,6,5,11.509301916554705,0.04216655809662376
3948,Al+Ca+Na+Si+W+Y,60,6,5,11.365100541020638,0.0446028428236315
3951,Al+Ca+Na+Ti+W+Y,61,6,6,14.022376116537998,0.029387206565344562
4063,Al+Fe+Hg+Na+Ti+W,61,6,6,12.765170360001775,0.04692038059021069
4064,Al+Fe+Hg+Na+Ti+Y,61,6,6,12.837128726682295,0.045696511739994054
4067,Al+Fe+Hg+Na+W+Y,61,6,6,12.64756065238089,0.048986902149894415
4238,Al+Fe+Mn+Na+Ti+W,61,6,6,13.209148744278536,0.039832295559033976
4239,Al+Fe+Mn+Na+Ti+Y,61,6,6,13.146354125135076,0.040769815547008134
4242,Al+Fe+Mn+Na+W+Y,61,6,6,13.361956824260687,0.03763488465780247
4268,Al+Fe+Na+O+Ti+W,60,6,5,11.380159952319445,0.04434231541905641
4269,Al+Fe+Na+O+Ti+Y,60,6,5,11.426943457491234,0.04354211844821924
4272,Al+Fe+Na+O+W+Y,60,6,5,11.22540687415767,0.04708952221987348
4274,Al+Fe+Na+Si+Ti+W,60,6,5,11.380159952319445,0.04434231541905641
4275,Al+Fe+Na+Si+Ti+Y,60,6,5,11.426943457491234,0.04354211844821924
4278,Al+Fe+Na+Si+W+Y,60,6,5,11.22540687415767,0.04708952221987348
4281,Al+Fe+Na+Ti+W+Y,61,6,6,13.911376897619903,0.030641952871364828
4328,Al+Hg+K+Mn+Na+Ti,61,6,6,12.628810555956079,0.04932411685884398
4331,Al+Hg+K+Mn+Na+Y,61,6,6,12.599781894244188,0.04985046736734613
4357,Al+Hg+K+Na+Ti+W,61,6,6,12.972201967176716,0.04347951176686681
4358,Al+Hg+K+Na+Ti+Y,61,6,6,13.133474627223222,0.040964651094406224
4361,Al+Hg+K+Na+W+Y,61,6,6,12.93499407936497,0.0440799391474195
4413,Al+Hg+Mg+Na+Ti+W,61,6,6,12.815251488245394,0.04606540183060911
4414,Al+Hg+Mg+Na+Ti+Y,61,6,6,12.856601593987762,0.0453704921782077
4417,Al+Hg+Mg+Na+W+Y,61,6,6,12.675960718096121,0.04848023506573377
4438,Al+Hg+Mn+Na+O+Si,59,6,4,10.008529765897038,0.0402842440731176
4439,Al+Hg+Mn+Na+O+Ti,60,6,5,12.374894472232882,0.02999671643546778
4441,Al+Hg+Mn+Na+O+W,60,6,5,12.175187250326417,0.032464582382106394
4442,Al+Hg+Mn+Na+O+Y,60,6,5,12.286713806289754,0.031063479428818867
4443,Al+Hg+Mn+Na+Si+Ti,60,6,5,12.374894472232882,0.02999671643546778
4445,Al+Hg+Mn+Na+Si+W,60,6,5,12.175187250326417,0.032464582382106394
4446,Al+Hg+Mn+Na+Si+Y,60,6,5,12.286713806289754,0.031063479428818867
4448,Al+Hg+Mn+Na+Ti+W,61,6,6,14.584025796224978,0.023750885769325984
4449,Al+Hg+Mn+Na+Ti+Y,61,6,6,14.525256029406592,0.024288591276633603
4452,Al+Hg+Mn+Na+W+Y,61,6,6,14.761721435396794,0.022193187328556848
4459,Al+Hg+Mn+O+Ti+Y,60,6,5,11.21910898625265,0.047204661059380953
4462,Al+Hg+Mn+O+W+Y,60,6,5,11.394258767937572,0.044099712092384315
4465,Al+Hg+Mn+Si+Ti+Y,60,6,5,11.21910898625265,0.047204661059380953
4468,Al+Hg+Mn+Si+W+Y,60,6,5,11.394258767937572,0.044099712092384315
4471,Al+Hg+Mn+Ti+W+Y,61,6,6,13.669403127669739,0.03355520862132222
4473,Al+Hg+Na+O+Si+Ti,59,6,4,10.584029560220188,0.03165897988832182
4475,Al+Hg+Na+O+Si+W,59,6,4,9.936602905846485,0.041509246067712995
4476,Al+Hg+Na+O+Si+Y,59,6,4,10.195996487217144,0.037252445583251144
4478,Al+Hg+Na+O+Ti+W,60,6,5,12.764940446529181,0.02568397875972087
4479,Al+Hg+Na+O+Ti+Y,60,6,5,12.817230354071398,0.025153062931291523
4482,Al+Hg+Na+O+W+Y,60,6,5,12.640098671348369,0.026995287611116463
4484,Al+Hg+Na+Si+Ti+W,60,6,5,12.764940446529181,0.02568397875972087
4485,Al+Hg+Na+Si+Ti+Y,60,6,5,12.817230354071398,0.025153062931291523
4488,Al+Hg+Na+Si+W+Y,60,6,5,12.640098671348369,0.026995287611116463
4489,Al+Hg+Na+Ti+V+W,61,6,6,12.788997812360321,0.046511766195021745
4490,Al+Hg+Na+Ti+V+Y,61,6,6,12.850538873697587,0.045471761489740414
4491,Al+Hg+Na+Ti+W+Y,61,6,6,15.304098519553918,0.018018904114233764
4492,Al+Hg+Na+V+W+Y,61,6,6,12.666019177765975,0.04865703596456129
4495,Al+Hg+O+Si+Ti+Y,59,6,4,9.512208353859023,0.04949699644006067
4501,Al+Hg+O+Ti+W+Y,60,6,5,11.938511705861401,0.03564009521812856
4505,Al+Hg+Si+Ti+W+Y,60,6,5,11.938511705861401,0.03564009521812856
4565,Al+K+Mn+Na+O+Ti,60,6,5,11.255235776869085,0.04654778161606383
4568,Al+K+Mn+Na+O+Y,60,6,5,11.195890811153731,0.047631440528682664
4569,Al+K+Mn+Na+Si+Ti,60,6,5,11.255235776869085,0.04654778161606383
4572,Al+K+Mn+Na+Si+Y,60,6,5,11.195890811153731,0.047631440528682664
4574,Al+K+Mn+Na+Ti+W,61,6,6,13.398742901851165,0.03712320857422572
4575,Al+K+Mn+Na+Ti+Y,61,6,6,13.422796801723962,0.03679218232343839
4578,Al+K+Mn+Na+W+Y,61,6,6,13.620678729574593,0.03417265336801614
4604,Al+K+Na+O+Ti+W,60,6,5,11.593589327613245,0.040801479507896
4605,Al+K+Na+O+Ti+Y,60,6,5,11.734573199944862,0.03861141638624258
4608,Al+K+Na+O+W+Y,60,6,5,11.522501349716094,0.04194996473550848
4610,Al+K+Na+Si+Ti+W,60,6,5,11.593589327613245,0.040801479507896
4611,Al+K+Na+Si+Ti+Y,60,6,5,11.734573199944862,0.03861141638624258
4614,Al+K+Na+Si+W+Y,60,6,5,11.522501349716094,0.04194996473550848
4617,Al+K+Na+Ti+W+Y,61,6,6,14.17068284377001,0.027786580701456762
4644,Al+Mg+Mn+Na+Ti+W,61,6,6,13.258897898554551,0.03910397461403214
4645,Al+Mg+Mn+Na+Ti+Y,61,6,6,13.167657129474264,0.04044946282206767
4648,Al+Mg+Mn+Na+W+Y,61,6,6,13.391600943356934,0.037222034160961134
4674,Al+Mg+Na+O+Ti+W,60,6,5,11.43331628703163,0.043434179846732486
4675,Al+Mg+Na+O+Ti+Y,60,6,5,11.452463526377414,0.04311139925627149
4678,Al+Mg+Na+O+W+Y,60,6,5,11.258355829641005,0.046491457964401545
4680,Al+Mg+Na+Si+Ti+W,60,6,5,11.43331628703163,0.043434179846732486
4681,Al+Mg+Na+Si+Ti+Y,60,6,5,11.452463526377414,0.04311139925627149
4684,Al+Mg+Na+Si+W+Y,60,6,5,11.258355829641005,0.046491457964401545
4687,Al+Mg+Na+Ti+W+Y,61,6,6,13.951828586051306,0.03017891853798629
4704,Al+Mn+Na+O+Si+Ti,59,6,4,10.994429157983632,0.026626694328055138
4706,Al+Mn+Na+O+Si+W,59,6,4,10.785388771077578,0.029084829916558176
4707,Al+Mn+Na+O+Si+Y,59,6,4,10.875017598789327,0.028005141336294687
4709,Al+Mn+Na+O+Ti+W,60,6,5,13.20904966071248,0.02149655231444013
4710,Al+Mn+Na+O+Ti+Y,60,6,5,13.128483420326575,0.022204033229038907
4713,Al+Mn+Na+O+W+Y,60,6,5,13.354725628559208,0.020271948987154786
4715,Al+Mn+Na+Si+Ti+W,60,6,5,13.20904966071248,0.02149655231444013
4716,Al+Mn+Na+Si+Ti+Y,60,6,5,13.128483420326575,0.022204033229038907
4719,Al+Mn+Na+Si+W+Y,60,6,5,13.354725628559208,0.020271948987154786
4720,Al+Mn+Na+Ti+V+W,61,6,6,13.233723637004005,0.03947094250585943
4721,Al+Mn+Na+Ti+V+Y,61,6,6,13.162318397753097,0.040529523326278245
4722,Al+Mn+Na+Ti+W+Y,61,6,6,15.644210915637814,0.015796533228675937
4723,Al+Mn+Na+V+W+Y,61,6,6,13.382206049334854,0.03735241182257552
4725,Al+Mn+O+Si+Ti+W,59,6,4,9.567755650152776,0.048373484158153394
4726,Al+Mn+O+Si+Ti+Y,59,6,4,9.796707332247024,0.04399495134568749
4729,Al+Mn+O+Si+W+Y,59,6,4,9.961119505704119,0.04108773645421163
4732,Al+Mn+O+Ti+W+Y,60,6,5,12.251589000557487,0.03149840517549808
4736,Al+Mn+Si+Ti+W+Y,60,6,5,12.251589000557487,0.03149840517549808
4740,Al+Na+O+Si+Ti+W,59,6,4,11.380152487346095,0.022608010854210832
4741,Al+Na+O+Si+Ti+Y,59,6,4,11.410523908474715,0.022317829969704488
4744,Al+Na+O+Si+W+Y,59,6,4,11.220043890615216,0.024199217732790997
4745,Al+Na+O+Ti+V+W,60,6,5,11.403478640573667,0.04394174244025787
4746,Al+Na+O+Ti+V+Y,60,6,5,11.442935977342586,0.04327172790697011
4747,Al+Na+O+Ti+W+Y,60,6,5,13.90213905470955,0.0162431377951763
4748,Al+Na+O+V+W+Y,60,6,5,11.245148826695186,0.04673031428874161
4749,Al+Na+Si+Ti+V+W,60,6,5,11.403478640573667,0.04394174244025787
4750,Al+Na+Si+Ti+V+Y,60,6,5,11.442935977342586,0.04327172790697011
4751,Al+Na+Si+Ti+W+Y,60,6,5,13.90213905470955,0.0162431377951763
4752,Al+Na+Si+V+W+Y,60,6,5,11.245148826695186,0.04673031428874161
4753,Al+Na+Ti+V+W+Y,61,6,6,13.93244555208048,0.030399955380067307
4756,Al+O+Si+Ti+W+Y,59,6,4,10.51049083699445,0.03265278788972998
5283,Ca+Hg+Na+Ti+W+Y,61,6,6,13.036754342136192,0.04245598384155039
5514,Ca+Mn+Na+Ti+W+Y,61,6,6,13.2155619273517,0.0397376963032894
5539,Ca+Na+O+Ti+W+Y,60,6,5,11.6161726256787,0.04044291236261456
5543,Ca+Na+Si+Ti+W+Y,60,6,5,11.6161726256787,0.04044291236261456
5745,Fe+Hg+Na+Ti+W+Y,61,6,6,13.033991557170339,0.0424993228297296
5976,Fe+Mn+Na+Ti+W+Y,61,6,6,13.24432958604757,0.03931594532938859
6001,Fe+Na+O+Ti+W+Y,60,6,5,11.611033801234043,0.04052424057631204
6005,Fe+Na+Si+Ti+W+Y,60,6,5,11.611033801234043,0.04052424057631204
6084,Hg+K+Mn+Na+W+Y,61,6,6,12.614434491028078,0.04958413299474453
6123,Hg+K+Na+Ti+W+Y,61,6,6,13.227569001705433,0.03956115074221855
6193,Hg+Mg+Na+Ti+W+Y,61,6,6,13.012560397316975,0.04283691987234178
6210,Hg+Mn+Na+O+Si+Ti,59,6,4,9.948750099400513,0.04129988549465685
6212,Hg+Mn+Na+O+Si+W,59,6,4,9.744385659764248,0.044960781104238165
6213,Hg+Mn+Na+O+Si+Y,59,6,4,9.94692501238751,0.0413312766137475
6215,Hg+Mn+Na+O+Ti+W,60,6,5,12.111358452930745,0.03329336494732983
6216,Hg+Mn+Na+O+Ti+Y,60,6,5,12.144707753593138,0.03285785826702481
6219,Hg+Mn+Na+O+W+Y,60,6,5,12.378337784714404,0.029955779048925102
6221,Hg+Mn+Na+Si+Ti+W,60,6,5,12.111358452930745,0.03329336494732983
6222,Hg+Mn+Na+Si+Ti+Y,60,6,5,12.144707753593138,0.03285785826702481
6225,Hg+Mn+Na+Si+W+Y,60,6,5,12.378337784714404,0.029955779048925102
6228,Hg+Mn+Na+Ti+W+Y,61,6,6,14.611029512435834,0.0235076368464485
6246,Hg+Na+O+Si+Ti+W,59,6,4,10.406282097802432,0.03411270906247551
6247,Hg+Na+O+Si+Ti+Y,59,6,4,10.545798611341525,0.032171939556399715
6250,Hg+Na+O+Si+W+Y,59,6,4,10.381248908931411,0.03447266831462579
6253,Hg+Na+O+Ti+W+Y,60,6,5,12.990054047261765,0.02347215091981808
6257,Hg+Na+Si+Ti+W+Y,60,6,5,12.990054047261765,0.02347215091981808
6259,Hg+Na+Ti+V+W+Y,61,6,6,13.031825448573727,0.04253333096521422
6345,K+Mn+Na+O+W+Y,60,6,5,11.19771381168448,0.047597800070688846
6351,K+Mn+Na+Si+W+Y,60,6,5,11.19771381168448,0.047597800070688846
6354,K+Mn+Na+Ti+W+Y,61,6,6,13.421084202557267,0.036815658589456825
6379,K+Na+O+Ti+W+Y,60,6,5,11.816332747319848,0.0373929821738058
6383,K+Na+Si+Ti+W+Y,60,6,5,11.816332747319848,0.0373929821738058
6410,Mg+Mn+Na+Ti+W+Y,61,6,6,13.224530802020581,0.03960575295642954
6435,Mg+Na+O+Ti+W+Y,60,6,5,11.596652909776367,0.040752661198033245
6439,Mg+Na+Si+Ti+W+Y,60,6,5,11.596652909776367,0.040752661198033245
6449,Mn+Na+O+Si+Ti+W,59,6,4,10.720128146952447,0.02989614843610007
6450,Mn+Na+O+Si+Ti+Y,59,6,4,10.731623747377398,0.02975166753409341
6453,Mn+Na+O+Si+W+Y,59,6,4,10.9550253403645,0.0270741445895755
6456,Mn+Na+O+Ti+W+Y,60,6,5,13.202604190820239,0.021552345739306263
6460,Mn+Na+Si+Ti+W+Y,60,6,5,13.202604190820239,0.021552345739306263
6462,Mn+Na+Ti+V+W+Y,61,6,6,13.245149752903217,0.03930398314727049
6471,Na+O+Si+Ti+W+Y,59,6,4,11.572250386714131,0.02083241528092106
6473,Na+O+Ti+V+W+Y,60,6,5,11.613048791475649,0.04049233240641627
6474,Na+Si+Ti+V+W+Y,60,6,5,11.613048791475649,0.04049233240641627
6956,Al+Ca+Hg+Mn+Na+Ti+W,62,7,7,14.70695475614275,0.039944754737079806
6957,Al+Ca+Hg+Mn+Na+Ti+Y,62,7,7,14.575595462831643,0.04184121861664768
6960,Al+Ca+Hg+Mn+Na+W+Y,62,7,7,14.835009247821745,0.03817347107078145
6986,Al+Ca+Hg+Na+O+Ti+W,61,7,6,12.968040491654847,0.04354628300455372
6987,Al+Ca+Hg+Na+O+Ti+Y,61,7,6,12.919891527124491,0.04432586122507396
6990,Al+Ca+Hg+Na+O+W+Y,61,7,6,12.789811422496314,0.046497872649204956
6992,Al+Ca+Hg+Na+Si+Ti+W,61,7,6,12.968040491654847,0.04354628300455372
6993,Al+Ca+Hg+Na+Si+Ti+Y,61,7,6,12.919891527124491,0.04432586122507396
6996,Al+Ca+Hg+Na+Si+W+Y,61,7,6,12.789811422496314,0.046497872649204956
6999,Al+Ca+Hg+Na+Ti+W+Y,62,7,7,15.428591552441048,0.030881546568445564
7125,Al+Ca+K+Na+Ti+W+Y,62,7,7,14.284589446978316,0.04634506931249076
7212,Al+Ca+Mn+Na+O+Si+Ti,60,7,5,11.089424008422156,0.049635514659587786
7217,Al+Ca+Mn+Na+O+Ti+W,61,7,6,13.327424065015293,0.03812125602245542
7218,Al+Ca+Mn+Na+O+Ti+Y,61,7,6,13.176033538715274,0.040324148295891545
7221,Al+Ca+Mn+Na+O+W+Y,61,7,6,13.424618438352354,0.03676722685825103
7223,Al+Ca+Mn+Na+Si+Ti+W,61,7,6,13.327424065015293,0.03812125602245542
7224,Al+Ca+Mn+Na+Si+Ti+Y,61,7,6,13.176033538715274,0.040324148295891545
7227,Al+Ca+Mn+Na+Si+W+Y,61,7,6,13.424618438352354,0.03676722685825103
7230,Al+Ca+Mn+Na+Ti+W+Y,62,7,7,15.70674099215239,0.02793490834029975
7248,Al+Ca+Na+O+Si+Ti+W,60,7,5,11.577541713652408,0.04105810638325433
7249,Al+Ca+Na+O+Si+Ti+Y,60,7,5,11.509301916554705,0.04216655809662376
7252,Al+Ca+Na+O+Si+W+Y,60,7,5,11.365100541020638,0.0446028428236315
7255,Al+Ca+Na+O+Ti+W+Y,61,7,6,14.022376116537998,0.029387206565344562
7259,Al+Ca+Na+Si+Ti+W+Y,61,7,6,14.022376116537998,0.029387206565344562
7418,Al+Fe+Hg+Mn+Na+Ti+W,62,7,7,14.584523405245818,0.04170971161296947
7419,Al+Fe+Hg+Mn+Na+Ti+Y,62,7,7,14.546725845142646,0.042269111841393626
7422,Al+Fe+Hg+Mn+Na+W+Y,62,7,7,14.771333943074751,0.03904486817069241
7448,Al+Fe+Hg+Na+O+Ti+W,61,7,6,12.765170360001775,0.04692038059021069
7449,Al+Fe+Hg+Na+O+Ti+Y,61,7,6,12.837128726682295,0.045696511739994054
7452,Al+Fe+Hg+Na+O+W+Y,61,7,6,12.64756065238089,0.048986902149894415
7454,Al+Fe+Hg+Na+Si+Ti+W,61,7,6,12.765170360001775,0.04692038059021069
7455,Al+Fe+Hg+Na+Si+Ti+Y,61,7,6,12.837128726682295,0.045696511739994054
7458,Al+Fe+Hg+Na+Si+W+Y,61,7,6,12.64756065238089,0.048986902149894415
7461,Al+Fe+Hg+Na+Ti+W+Y,62,7,7,15.31598653805986,0.03215562577031528
7587,Al+Fe+K+Na+Ti+W+Y,62,7,7,14.182130804905682,0.04803519404527331
7679,Al+Fe+Mn+Na+O+Ti+W,61,7,6,13.209148744278536,0.039832295559033976
7680,Al+Fe+Mn+Na+O+Ti+Y,61,7,6,13.146354125135076,0.040769815547008134
7683,Al+Fe+Mn+Na+O+W+Y,61,7,6,13.361956824260687,0.03763488465780247
7685,Al+Fe+Mn+Na+Si+Ti+W,61,7,6,13.209148744278536,0.039832295559033976
7686,Al+Fe+Mn+Na+Si+Ti+Y,61,7,6,13.146354125135076,0.040769815547008134
7689,Al+Fe+Mn+Na+Si+W+Y,61,7,6,13.361956824260687,0.03763488465780247
7692,Al+Fe+Mn+Na+Ti+W+Y,62,7,7,15.654522636861657,0.028467078079963456
7710,Al+Fe+Na+O+Si+Ti+W,60,7,5,11.380159952319445,0.04434231541905641
7711,Al+Fe+Na+O+Si+Ti+Y,60,7,5,11.426943457491234,0.04354211844821924
7714,Al+Fe+Na+O+Si+W+Y,60,7,5,11.22540687415767,0.04708952221987348
7717,Al+Fe+Na+O+Ti+W+Y,61,7,6,13.911376897619903,0.030641952871364828
7721,Al+Fe+Na+Si+Ti+W+Y,61,7,6,13.911376897619903,0.030641952871364828
7787,Al+Hg+K+Mn+Na+O+Ti,61,7,6,12.628810555956079,0.04932411685884398
7790,Al+Hg+K+Mn+Na+O+Y,61,7,6,12.599781894244188,0.04985046736734613
7791,Al+Hg+K+Mn+Na+Si+Ti,61,7,6,12.628810555956079,0.04932411685884398
7794,Al+Hg+K+Mn+Na+Si+Y,61,7,6,12.599781894244188,0.04985046736734613
7796,Al+Hg+K+Mn+Na+Ti+W,62,7,7,14.767986158464737,0.0390911927681152
7797,Al+Hg+K+Mn+Na+Ti+Y,62,7,7,14.812250005924852,0.0384828235744863
7800,Al+Hg+K+Mn+Na+W+Y,62,7,7,15.020752174530116,0.035734310469807934
7826,Al+Hg+K+Na+O+Ti+W,61,7,6,12.972201967176716,0.04347951176686681
7827,Al+Hg+K+Na+O+Ti+Y,61,7,6,13.133474627223222,0.040964651094406224
7830,Al+Hg+K+Na+O+W+Y,61,7,6,12.93499407936497,0.0440799391474195
7832,Al+Hg+K+Na+Si+Ti+W,61,7,6,12.972201967176716,0.04347951176686681
7833,Al+Hg+K+Na+Si+Ti+Y,61,7,6,13.133474627223222,0.040964651094406224
7836,Al+Hg+K+Na+Si+W+Y,61,7,6,12.93499407936497,0.0440799391474195
7839,Al+Hg+K+Na+Ti+W+Y,62,7,7,15.565722818379982,0.029394050074520804
7866,Al+Hg+Mg+Mn+Na+Ti+W,62,7,7,14.63114465722856,0.04102922397461924
7867,Al+Hg+Mg+Mn+Na+Ti+Y,62,7,7,14.561977257935268,0.0420425565785776
7870,Al+Hg+Mg+Mn+Na+W+Y,62,7,7,14.79622097939091,0.038702100272038485
7896,Al+Hg+Mg+Na+O+Ti+W,61,7,6,12.815251488245394,0.04606540183060911
7897,Al+Hg+Mg+Na+O+Ti+Y,61,7,6,12.856601593987762,0.0453704921782077
7900,Al+Hg+Mg+Na+O+W+Y,61,7,6,12.675960718096121,0.04848023506573377
7902,Al+Hg+Mg+Na+Si+Ti+W,61,7,6,12.815251488245394,0.04606540183060911
7903,Al+Hg+Mg+Na+Si+Ti+Y,61,7,6,12.856601593987762,0.0453704921782077
7906,Al+Hg+Mg+Na+Si+W+Y,61,7,6,12.675960718096121,0.04848023506573377
7909,Al+Hg+Mg+Na+Ti+W+Y,62,7,7,15.350987833390718,0.031754405279304836
7926,Al+Hg+Mn+Na+O+Si+Ti,60,7,5,12.374894472232882,0.02999671643546778
7928,Al+Hg+Mn+Na+O+Si+W,60,7,5,12.175187250326417,0.032464582382106394
7929,Al+Hg+Mn+Na+O+Si+Y,60,7,5,12.286713806289754,0.031063479428818867
7931,Al+Hg+Mn+Na+O+Ti+W,61,7,6,14.584025796224978,0.023750885769325984
7932,Al+Hg+Mn+Na+O+Ti+Y,61,7,6,14.525256029406592,0.024288591276633603
7935,Al+Hg+Mn+Na+O+W+Y,61,7,6,14.761721435396794,0.022193187328556848
7937,Al+Hg+Mn+Na+Si+Ti+W,61,7,6,14.584025796224978,0.023750885769325984
7938,Al+Hg+Mn+Na+Si+Ti+Y,61,7,6,14.525256029406592,0.024288591276633603
7941,Al+Hg+Mn+Na+Si+W+Y,61,7,6,14.761721435396794,0.022193187328556848
7942,Al+Hg+Mn+Na+Ti+V+W,62,7,7,14.609445344306096,0.04134465123943737
7943,Al+Hg+Mn+Na+Ti+V+Y,62,7,7,14.559999266152772,0.042071875095610646
7944,Al+Hg+Mn+Na+Ti+W+Y,62,7,7,17.036177803176997,0.01716438457909751
7945,Al+Hg+Mn+Na+V+W+Y,62,7,7,14.790039618690571,0.03878697252645021
7948,Al+Hg+Mn+O+Si+Ti+Y,60,7,5,11.21910898625265,0.047204661059380953
7951,Al+Hg+Mn+O+Si+W+Y,60,7,5,11.394258767937572,0.044099712092384315
7954,Al+Hg+Mn+O+Ti+W+Y,61,7,6,13.669403127669739,0.03355520862132222
7958,Al+Hg+Mn+Si+Ti+W+Y,61,7,6,13.669403127669739,0.03355520862132222
7962,Al+Hg+Na+O+Si+Ti+W,60,7,5,12.764940446529181,0.02568397875972087
7963,Al+Hg+Na+O+Si+Ti+Y,60,7,5,12.817230354071398,0.025153062931291523
7966,Al+Hg+Na+O+Si+W+Y,60,7,5,12.640098671348369,0.026995287611116463
7967,Al+Hg+Na+O+Ti+V+W,61,7,6,12.788997812360321,0.046511766195021745
7968,Al+Hg+Na+O+Ti+V+Y,61,7,6,12.850538873697587,0.045471761489740414
7969,Al+Hg+Na+O+Ti+W+Y,61,7,6,15.304098519553918,0.018018904114233764
7970,Al+Hg+Na+O+V+W+Y,61,7,6,12.666019177765975,0.04865703596456129
7971,Al+Hg+Na+Si+Ti+V+W,61,7,6,12.788997812360321,0.046511766195021745
7972,Al+Hg+Na+Si+Ti+V+Y,61,7,6,12.850538873697587,0.045471761489740414
7973,Al+Hg+Na+Si+Ti+W+Y,61,7,6,15.304098519553918,0.018018904114233764
7974,Al+Hg+Na+Si+V+W+Y,61,7,6,12.666019177765975,0.04865703596456129
7975,Al+Hg+Na+Ti+V+W+Y,62,7,7,15.335271787494548,0.03193397336304877
7978,Al+Hg+O+Si+Ti+W+Y,60,7,5,11.938511705861401,0.03564009521812856
8035,Al+K+Mg+Na+Ti+W+Y,62,7,7,14.217133945145633,0.047451467255372776
8052,Al+K+Mn+Na+O+Si+Ti,60,7,5,11.255235776869085,0.04654778161606383
8055,Al+K+Mn+Na+O+Si+Y,60,7,5,11.195890811153731,0.047631440528682664
8057,Al+K+Mn+Na+O+Ti+W,61,7,6,13.398742901851165,0.03712320857422572
8058,Al+K+Mn+Na+O+Ti+Y,61,7,6,13.422796801723962,0.03679218232343839
8061,Al+K+Mn+Na+O+W+Y,61,7,6,13.620678729574593,0.03417265336801614
8063,Al+K+Mn+Na+Si+Ti+W,61,7,6,13.398742901851165,0.03712320857422572
8064,Al+K+Mn+Na+Si+Ti+Y,61,7,6,13.422796801723962,0.03679218232343839
8067,Al+K+Mn+Na+Si+W+Y,61,7,6,13.620678729574593,0.03417265336801614
8070,Al+K+Mn+Na+Ti+W+Y,62,7,7,15.885442955641793,0.02618382761677615
8088,Al+K+Na+O+Si+Ti+W,60,7,5,11.593589327613245,0.040801479507896
8089,Al+K+Na+O+Si+Ti+Y,60,7,5,11.734573199944862,0.03861141638624258
8092,Al+K+Na+O+Si+W+Y,60,7,5,11.522501349716094,0.04194996473550848
8095,Al+K+Na+O+Ti+W+Y,61,7,6,14.17068284377001,0.027786580701456762
8099,Al+K+Na+Si+Ti+W+Y,61,7,6,14.17068284377001,0.027786580701456762
8101,Al+K+Na+Ti+V+W+Y,62,7,7,14.206508019594366,0.04762797036874993
8113,Al+Mg+Mn+Na+O+Ti+W,61,7,6,13.258897898554551,0.03910397461403214
8114,Al+Mg+Mn+Na+O+Ti+Y,61,7,6,13.167657129474264,0.04044946282206767
8117,Al+Mg+Mn+Na+O+W+Y,61,7,6,13.391600943356934,0.037222034160961134
8119,Al+Mg+Mn+Na+Si+Ti+W,61,7,6,13.258897898554551,0.03910397461403214
8120,Al+Mg+Mn+Na+Si+Ti+Y,61,7,6,13.167657129474264,0.04044946282206767
8123,Al+Mg+Mn+Na+Si+W+Y,61,7,6,13.391600943356934,0.037222034160961134
8126,Al+Mg+Mn+Na+Ti+W+Y,62,7,7,15.690878324036476,0.02809556884734468
8144,Al+Mg+Na+O+Si+Ti+W,60,7,5,11.43331628703163,0.043434179846732486
8145,Al+Mg+Na+O+Si+Ti+Y,60,7,5,11.452463526377414,0.04311139925627149
8148,Al+Mg+Na+O+Si+W+Y,60,7,5,11.258355829641005,0.046491457964401545
8151,Al+Mg+Na+O+Ti+W+Y,61,7,6,13.951828586051306,0.03017891853798629
8155,Al+Mg+Na+Si+Ti+W+Y,61,7,6,13.951828586051306,0.03017891853798629
8165,Al+Mn+Na+O+Si+Ti+W,60,7,5,13.20904966071248,0.02149655231444013
8166,Al+Mn+Na+O+Si+Ti+Y,60,7,5,13.128483420326575,0.022204033229038907
8169,Al+Mn+Na+O+Si+W+Y,60,7,5,13.354725628559208,0.020271948987154786
8170,Al+Mn+Na+O+Ti+V+W,61,7,6,13.233723637004005,0.03947094250585943
8171,Al+Mn+Na+O+Ti+V+Y,61,7,6,13.162318397753097,0.040529523326278245
8172,Al+Mn+Na+O+Ti+W+Y,61,7,6,15.644210915637814,0.015796533228675937
8173,Al+Mn+Na+O+V+W+Y,61,7,6,13.382206049334854,0.03735241182257552
8174,Al+Mn+Na+Si+Ti+V+W,61,7,6,13.233723637004005,0.03947094250585943
8175,Al+Mn+Na+Si+Ti+V+Y,61,7,6,13.162318397753097,0.040529523326278245
8176,Al+Mn+Na+Si+Ti+W+Y,61,7,6,15.644210915637814,0.015796533228675937
8177,Al+Mn+Na+Si+V+W+Y,61,7,6,13.382206049334854,0.03735241182257552
8178,Al+Mn+Na+Ti+V+W+Y,62,7,7,15.675891424766633,0.028248159092841795
8181,Al+Mn+O+Si+Ti+W+Y,60,7,5,12.251589000557487,0.03149840517549808
8185,Al+Na+O+Si+Ti+V+W,60,7,5,11.403478640573667,0.04394174244025787
8186,Al+Na+O+Si+Ti+V+Y,60,7,5,11.442935977342586,0.04327172790697011
8187,Al+Na+O+Si+Ti+W+Y,60,7,5,13.90213905470955,0.0162431377951763
8188,Al+Na+O+Si+V+W+Y,60,7,5,11.245148826695186,0.04673031428874161
8189,Al+Na+O+Ti+V+W+Y,61,7,6,13.93244555208048,0.030399955380067307
8190,Al+Na+Si+Ti+V+W+Y,61,7,6,13.93244555208048,0.030399955380067307
8868,Ca+Hg+Mn+Na+Ti+W+Y,62,7,7,14.625559336159768,0.0411101986534293
8893,Ca+Hg+Na+O+Ti+W+Y,61,7,6,13.036754342136192,0.04245598384155039
8897,Ca+Hg+Na+Si+Ti+W+Y,61,7,6,13.036754342136192,0.04245598384155039
9096,Ca+Mn+Na+O+Ti+W+Y,61,7,6,13.2155619273517,0.0397376963032894
9100,Ca+Mn+Na+Si+Ti+W+Y,61,7,6,13.2155619273517,0.0397376963032894
9111,Ca+Na+O+Si+Ti+W+Y,60,7,5,11.6161726256787,0.04044291236261456
9330,Fe+Hg+Mn+Na+Ti+W+Y,62,7,7,14.658061969502342,0.040641064139577646
9355,Fe+Hg+Na+O+Ti+W+Y,61,7,6,13.033991557170339,0.0424993228297296
9359,Fe+Hg+Na+Si+Ti+W+Y,61,7,6,13.033991557170339,0.0424993228297296
9558,Fe+Mn+Na+O+Ti+W+Y,61,7,6,13.24432958604757,0.03931594532938859
9562,Fe+Mn+Na+Si+Ti+W+Y,61,7,6,13.24432958604757,0.03931594532938859
9573,Fe+Na+O+Si+Ti+W+Y,60,7,5,11.611033801234043,0.04052424057631204
9657,Hg+K+Mn+Na+O+W+Y,61,7,6,12.614434491028078,0.04958413299474453
9663,Hg+K+Mn+Na+Si+W+Y,61,7,6,12.614434491028078,0.04958413299474453
9666,Hg+K+Mn+Na+Ti+W+Y,62,7,7,14.823394384853145,0.03833105332792787
9691,Hg+K+Na+O+Ti+W+Y,61,7,6,13.227569001705433,0.03956115074221855
9695,Hg+K+Na+Si+Ti+W+Y,61,7,6,13.227569001705433,0.03956115074221855
9722,Hg+Mg+Mn+Na+Ti+W+Y,62,7,7,14.631181729271702,0.041028687009908055
9747,Hg+Mg+Na+O+Ti+W+Y,61,7,6,13.012560397316975,0.04283691987234178
9751,Hg+Mg+Na+Si+Ti+W+Y,61,7,6,13.012560397316975,0.04283691987234178
9761,Hg+Mn+Na+O+Si+Ti+W,60,7,5,12.111358452930745,0.03329336494732983
9762,Hg+Mn+Na+O+Si+Ti+Y,60,7,5,12.144707753593138,0.03285785826702481
9765,Hg+Mn+Na+O+Si+W+Y,60,7,5,12.378337784714404,0.029955779048925102
9768,Hg+Mn+Na+O+Ti+W+Y,61,7,6,14.611029512435834,0.0235076368464485
9772,Hg+Mn+Na+Si+Ti+W+Y,61,7,6,14.611029512435834,0.0235076368464485
9774,Hg+Mn+Na+Ti+V+W+Y,62,7,7,14.654560461591245,0.04069136299389367
9783,Hg+Na+O+Si+Ti+W+Y,60,7,5,12.990054047261765,0.02347215091981808
9785,Hg+Na+O+Ti+V+W+Y,61,7,6,13.031825448573727,0.04253333096521422
9786,Hg+Na+Si+Ti+V+W+Y,61,7,6,13.031825448573727,0.04253333096521422
9849,K+Mn+Na+O+Si+W+Y,60,7,5,11.19771381168448,0.047597800070688846
9852,K+Mn+Na+O+Ti+W+Y,61,7,6,13.421084202557267,0.036815658589456825
9856,K+Mn+Na+Si+Ti+W+Y,61,7,6,13.421084202557267,0.036815658589456825
9867,K+Na+O+Si+Ti+W+Y,60,7,5,11.816332747319848,0.0373929821738058
9880,Mg+Mn+Na+O+Ti+W+Y,61,7,6,13.224530802020581,0.03960575295642954
9884,Mg+Mn+Na+Si+Ti+W+Y,61,7,6,13.224530802020581,0.03960575295642954
9895,Mg+Na+O+Si+Ti+W+Y,60,7,5,11.596652909776367,0.040752661198033245
9902,Mn+Na+O+Si+Ti+W+Y,60,7,5,13.202604190820239,0.021552345739306263
9904,Mn+Na+O+Ti+V+W+Y,61,7,6,13.245149752903217,0.03930398314727049
9905,Mn+Na+Si+Ti+V+W+Y,61,7,6,13.245149752903217,0.03930398314727049
9907,Na+O+Si+Ti+V+W+Y,60,7,5,11.613048791475649,0.04049233240641627
10332,Al+Ca+Fe+Mn+Na+Ti+W+Y,63,8,8,15.726096933400186,0.04647256229845237
10479,Al+Ca+Hg+K+Na+Ti+W+Y,63,8,8,15.683837233994382,0.04713550910456717
10571,Al+Ca+Hg+Mn+Na+O+Ti+W,62,8,7,14.70695475614275,0.039944754737079806
10572,Al+Ca+Hg+Mn+Na+O+Ti+Y,62,8,7,14.575595462831643,0.04184121861664768
10575,Al+Ca+Hg+Mn+Na+O+W+Y,62,8,7,14.835009247821745,0.03817347107078145
10577,Al+Ca+Hg+Mn+Na+Si+Ti+W,62,8,7,14.70695475614275,0.039944754737079806
10578,Al+Ca+Hg+Mn+Na+Si+Ti+Y,62,8,7,14.575595462831643,0.04184121861664768
10581,Al+Ca+Hg+Mn+Na+Si+W+Y,62,8,7,14.835009247821745,0.03817347107078145
10584,Al+Ca+Hg+Mn+Na+Ti+W+Y,63,8,8,17.101882350689266,0.02906549969128601
10602,Al+Ca+Hg+Na+O+Si+Ti+W,61,8,6,12.968040491654847,0.04354628300455372
10603,Al+Ca+Hg+Na+O+Si+Ti+Y,61,8,6,12.919891527124491,0.04432586122507396
10606,Al+Ca+Hg+Na+O+Si+W+Y,61,8,6,12.789811422496314,0.046497872649204956
10609,Al+Ca+Hg+Na+O+Ti+W+Y,62,8,7,15.428591552441048,0.030881546568445564
10613,Al+Ca+Hg+Na+Si+Ti+W+Y,62,8,7,15.428591552441048,0.030881546568445564
10710,Al+Ca+K+Mn+Na+Ti+W+Y,63,8,8,15.94377644018141,0.04319194991530304
10735,Al+Ca+K+Na+O+Ti+W+Y,62,8,7,14.284589446978316,0.04634506931249076
10739,Al+Ca+K+Na+Si+Ti+W+Y,62,8,7,14.284589446978316,0.04634506931249076
10766,Al+Ca+Mg+Mn+Na+Ti+W+Y,63,8,8,15.746270994635779,0.04615912400175385
10805,Al+Ca+Mn+Na+O+Si+Ti+W,61,8,6,13.327424065015293,0.03812125602245542
10806,Al+Ca+Mn+Na+O+Si+Ti+Y,61,8,6,13.176033538715274,0.040324148295891545
10809,Al+Ca+Mn+Na+O+Si+W+Y,61,8,6,13.424618438352354,0.03676722685825103
10812,Al+Ca+Mn+Na+O+Ti+W+Y,62,8,7,15.70674099215239,0.02793490834029975
10816,Al+Ca+Mn+Na+Si+Ti+W+Y,62,8,7,15.70674099215239,0.02793490834029975
10818,Al+Ca+Mn+Na+Ti+V+W+Y,63,8,8,15.743269031072487,0.046205640797699836
10827,Al+Ca+Na+O+Si+Ti+W+Y,61,8,6,14.022376116537998,0.029387206565344562
10941,Al+Fe+Hg+K+Na+Ti+W+Y,63,8,8,15.580054377722718,0.04880074480232467
11033,Al+Fe+Hg+Mn+Na+O+Ti+W,62,8,7,14.584523405245818,0.04170971161296947
11034,Al+Fe+Hg+Mn+Na+O+Ti+Y,62,8,7,14.546725845142646,0.042269111841393626
11037,Al+Fe+Hg+Mn+Na+O+W+Y,62,8,7,14.771333943074751,0.03904486817069241
11039,Al+Fe+Hg+Mn+Na+Si+Ti+W,62,8,7,14.584523405245818,0.04170971161296947
11040,Al+Fe+Hg+Mn+Na+Si+Ti+Y,62,8,7,14.546725845142646,0.042269111841393626
11043,Al+Fe+Hg+Mn+Na+Si+W+Y,62,8,7,14.771333943074751,0.03904486817069241
11046,Al+Fe+Hg+Mn+Na+Ti+W+Y,63,8,8,17.049262112164797,0.029600185596146168
11064,Al+Fe+Hg+Na+O+Si+Ti+W,61,8,6,12.765170360001775,0.04692038059021069
11065,Al+Fe+Hg+Na+O+Si+Ti+Y,61,8,6,12.837128726682295,0.045696511739994054
11068,Al+Fe+Hg+Na+O+Si+W+Y,61,8,6,12.64756065238089,0.048986902149894415
11071,Al+Fe+Hg+Na+O+Ti+W+Y,62,8,7,15.31598653805986,0.03215562577031528
11075,Al+Fe+Hg+Na+Si+Ti+W+Y,62,8,7,15.31598653805986,0.03215562577031528
11172,Al+Fe+K+Mn+Na+Ti+W+Y,63,8,8,15.898026705056054,0.04386313717109528
11197,Al+Fe+K+Na+O+Ti+W+Y,62,8,7,14.182130804905682,0.04803519404527331
11201,Al+Fe+K+Na+Si+Ti+W+Y,62,8,7,14.182130804905682,0.04803519404527331
11228,Al+Fe+Mg+Mn+Na+Ti+W+Y,63,8,8,15.703638546981438,0.04682379916750874
11267,Al+Fe+Mn+Na+O+Si+Ti+W,61,8,6,13.209148744278536,0.039832295559033976
11268,Al+Fe+Mn+Na+O+Si+Ti+Y,61,8,6,13.146354125135076,0.040769815547008134
11271,Al+Fe+Mn+Na+O+Si+W+Y,61,8,6,13.361956824260687,0.03763488465780247
11274,Al+Fe+Mn+Na+O+Ti+W+Y,62,8,7,15.654522636861657,0.028467078079963456
11278,Al+Fe+Mn+Na+Si+Ti+W+Y,62,8,7,15.654522636861657,0.028467078079963456
11280,Al+Fe+Mn+Na+Ti+V+W+Y,63,8,8,15.684814848950282,0.04712007483559537
11289,Al+Fe+Na+O+Si+Ti+W+Y,61,8,6,13.911376897619903,0.030641952871364828
11347,Al+Hg+K+Mg+Na+Ti+W+Y,63,8,8,15.609525376265537,0.048322447535851694
11364,Al+Hg+K+Mn+Na+O+Si+Ti,61,8,6,12.628810555956079,0.04932411685884398
11367,Al+Hg+K+Mn+Na+O+Si+Y,61,8,6,12.599781894244188,0.04985046736734613
11369,Al+Hg+K+Mn+Na+O+Ti+W,62,8,7,14.767986158464737,0.0390911927681152
11370,Al+Hg+K+Mn+Na+O+Ti+Y,62,8,7,14.812250005924852,0.0384828235744863
11373,Al+Hg+K+Mn+Na+O+W+Y,62,8,7,15.020752174530116,0.035734310469807934
11375,Al+Hg+K+Mn+Na+Si+Ti+W,62,8,7,14.767986158464737,0.0390911927681152
11376,Al+Hg+K+Mn+Na+Si+Ti+Y,62,8,7,14.812250005924852,0.0384828235744863
11379,Al+Hg+K+Mn+Na+Si+W+Y,62,8,7,15.020752174530116,0.035734310469807934
11382,Al+Hg+K+Mn+Na+Ti+W+Y,63,8,8,17.27095914002075,0.02740807133718614
11400,Al+Hg+K+Na+O+Si+Ti+W,61,8,6,12.972201967176716,0.04347951176686681
11401,Al+Hg+K+Na+O+Si+Ti+Y,61,8,6,13.133474627223222,0.040964651094406224
11404,Al+Hg+K+Na+O+Si+W+Y,61,8,6,12.93499407936497,0.0440799391474195
11407,Al+Hg+K+Na+O+Ti+W+Y,62,8,7,15.565722818379982,0.029394050074520804
11411,Al+Hg+K+Na+Si+Ti+W+Y,62,8,7,15.565722818379982,0.029394050074520804
11413,Al+Hg+K+Na+Ti+V+W+Y,63,8,8,15.602409023265864,0.04843754497865654
11425,Al+Hg+Mg+Mn+Na+O+Ti+W,62,8,7,14.63114465722856,0.04102922397461924
11426,Al+Hg+Mg+Mn+Na+O+Ti+Y,62,8,7,14.561977257935268,0.0420425565785776
11429,Al+Hg+Mg+Mn+Na+O+W+Y,62,8,7,14.79622097939091,0.038702100272038485
11431,Al+Hg+Mg+Mn+Na+Si+Ti+W,62,8,7,14.63114465722856,0.04102922397461924
11432,Al+Hg+Mg+Mn+Na+Si+Ti+Y,62,8,7,14.561977257935268,0.0420425565785776
11435,Al+Hg+Mg+Mn+Na+Si+W+Y,62,8,7,14.79622097939091,0.038702100272038485
11438,Al+Hg+Mg+Mn+Na+Ti+W+Y,63,8,8,17.080163983414877,0.029285079505788188
11456,Al+Hg+Mg+Na+O+Si+Ti+W,61,8,6,12.815251488245394,0.04606540183060911
11457,Al+Hg+Mg+Na+O+Si+Ti+Y,61,8,6,12.856601593987762,0.0453704921782077
11460,Al+Hg+Mg+Na+O+Si+W+Y,61,8,6,12.675960718096121,0.04848023506573377
11463,Al+Hg+Mg+Na+O+Ti+W+Y,62,8,7,15.350987833390718,0.031754405279304836
11467,Al+Hg+Mg+Na+Si+Ti+W+Y,62,8,7,15.350987833390718,0.031754405279304836
11477,Al+Hg+Mn+Na+O+Si+Ti+W,61,8,6,14.584025796224978,0.023750885769325984
11478,Al+Hg+Mn+Na+O+Si+Ti+Y,61,8,6,14.525256029406592,0.024288591276633603
11481,Al+Hg+Mn+Na+O+Si+W+Y,61,8,6,14.761721435396794,0.022193187328556848
11482,Al+Hg+Mn+Na+O+Ti+V+W,62,8,7,14.609445344306096,0.04134465123943737
11483,Al+Hg+Mn+Na+O+Ti+V+Y,62,8,7,14.559999266152772,0.042071875095610646
11484,Al+Hg+Mn+Na+O+Ti+W+Y,62,8,7,17.036177803176997,0.01716438457909751
11485,Al+Hg+Mn+Na+O+V+W+Y,62,8,7,14.790039618690571,0.03878697252645021
11486,Al+Hg+Mn+Na+Si+Ti+V+W,62,8,7,14.609445344306096,0.04134465123943737
11487,Al+Hg+Mn+Na+Si+Ti+V+Y,62,8,7,14.559999266152772,0.042071875095610646
11488,Al+Hg+Mn+Na+Si+Ti+W+Y,62,8,7,17.036177803176997,0.01716438457909751
11489,Al+Hg+Mn+Na+Si+V+W+Y,62,8,7,14.790039618690571,0.03878697252645021
11490,Al+Hg+Mn+Na+Ti+V+W+Y,63,8,8,17.06873710398395,0.02940123159364381
11493,Al+Hg+Mn+O+Si+Ti+W+Y,61,8,6,13.669403127669739,0.03355520862132222
11497,Al+Hg+Na+O+Si+Ti+V+W,61,8,6,12.788997812360321,0.046511766195021745
11498,Al+Hg+Na+O+Si+Ti+V+Y,61,8,6,12.850538873697587,0.045471761489740414
11499,Al+Hg+Na+O+Si+Ti+W+Y,61,8,6,15.304098519553918,0.018018904114233764
11500,Al+Hg+Na+O+Si+V+W+Y,61,8,6,12.666019177765975,0.04865703596456129
11501,Al+Hg+Na+O+Ti+V+W+Y,62,8,7,15.335271787494548,0.03193397336304877
11502,Al+Hg+Na+Si+Ti+V+W+Y,62,8,7,15.335271787494548,0.03193397336304877
11522,Al+K+Mg+Mn+Na+Ti+W+Y,63,8,8,15.929010271365769,0.043407537232264023
11547,Al+K+Mg+Na+O+Ti+W+Y,62,8,7,14.217133945145633,0.047451467255372776
11551,Al+K+Mg+Na+Si+Ti+W+Y,62,8,7,14.217133945145633,0.047451467255372776
11561,Al+K+Mn+Na+O+Si+Ti+W,61,8,6,13.398742901851165,0.03712320857422572
11562,Al+K+Mn+Na+O+Si+Ti+Y,61,8,6,13.422796801723962,0.03679218232343839
11565,Al+K+Mn+Na+O+Si+W+Y,61,8,6,13.620678729574593,0.03417265336801614
11568,Al+K+Mn+Na+O+Ti+W+Y,62,8,7,15.885442955641793,0.02618382761677615
11572,Al+K+Mn+Na+Si+Ti+W+Y,62,8,7,15.885442955641793,0.02618382761677615
11574,Al+K+Mn+Na+Ti+V+W+Y,63,8,8,15.922342065077828,0.04350521930440269
11583,Al+K+Na+O+Si+Ti+W+Y,61,8,6,14.17068284377001,0.027786580701456762
11585,Al+K+Na+O+Ti+V+W+Y,62,8,7,14.206508019594366,0.04762797036874993
11586,Al+K+Na+Si+Ti+V+W+Y,62,8,7,14.206508019594366,0.04762797036874993
11589,Al+Mg+Mn+Na+O+Si+Ti+W,61,8,6,13.258897898554551,0.03910397461403214
11590,Al+Mg+Mn+Na+O+Si+Ti+Y,61,8,6,13.167657129474264,0.04044946282206767
11593,Al+Mg+Mn+Na+O+Si+W+Y,61,8,6,13.391600943356934,0.037222034160961134
11596,Al+Mg+Mn+Na+O+Ti+W+Y,62,8,7,15.690878324036476,0.02809556884734468
11600,Al+Mg+Mn+Na+Si+Ti+W+Y,62,8,7,15.690878324036476,0.02809556884734468
11602,Al+Mg+Mn+Na+Ti+V+W+Y,63,8,8,15.721138763437466,0.046549895754744865
11611,Al+Mg+Na+O+Si+Ti+W+Y,61,8,6,13.951828586051306,0.03017891853798629
11616,Al+Mn+Na+O+Si+Ti+V+W,61,8,6,13.233723637004005,0.03947094250585943
11617,Al+Mn+Na+O+Si+Ti+V+Y,61,8,6,13.162318397753097,0.040529523326278245
11618,Al+Mn+Na+O+Si+Ti+W+Y,61,8,6,15.644210915637814,0.015796533228675937
11619,Al+Mn+Na+O+Si+V+W+Y,61,8,6,13.382206049334854,0.03735241182257552
11620,Al+Mn+Na+O+Ti+V+W+Y,62,8,7,15.675891424766633,0.028248159092841795
11621,Al+Mn+Na+Si+Ti+V+W+Y,62,8,7,15.675891424766633,0.028248159092841795
11623,Al+Na+O+Si+Ti+V+W+Y,61,8,6,13.93244555208048,0.030399955380067307
12276,Ca+Hg+Mn+Na+O+Ti+W+Y,62,8,7,14.625559336159768,0.0411101986534293
12280,Ca+Hg+Mn+Na+Si+Ti+W+Y,62,8,7,14.625559336159768,0.0411101986534293
12291,Ca+Hg+Na+O+Si+Ti+W+Y,61,8,6,13.036754342136192,0.04245598384155039
12410,Ca+Mn+Na+O+Si+Ti+W+Y,61,8,6,13.2155619273517,0.0397376963032894
12606,Fe+Hg+Mn+Na+O+Ti+W+Y,62,8,7,14.658061969502342,0.040641064139577646
12610,Fe+Hg+Mn+Na+Si+Ti+W+Y,62,8,7,14.658061969502342,0.040641064139577646
12621,Fe+Hg+Na+O+Si+Ti+W+Y,61,8,6,13.033991557170339,0.0424993228297296
12740,Fe+Mn+Na+O+Si+Ti+W+Y,61,8,6,13.24432958604757,0.03931594532938859
12807,Hg+K+Mn+Na+O+Si+W+Y,61,8,6,12.614434491028078,0.04958413299474453
12810,Hg+K+Mn+Na+O+Ti+W+Y,62,8,7,14.823394384853145,0.03833105332792787
12814,Hg+K+Mn+Na+Si+Ti+W+Y,62,8,7,14.823394384853145,0.03833105332792787
12825,Hg+K+Na+O+Si+Ti+W+Y,61,8,6,13.227569001705433,0.03956115074221855
12838,Hg+Mg+Mn+Na+O+Ti+W+Y,62,8,7,14.631181729271702,0.041028687009908055
12842,Hg+Mg+Mn+Na+Si+Ti+W+Y,62,8,7,14.631181729271702,0.041028687009908055
12853,Hg+Mg+Na+O+Si+Ti+W+Y,61,8,6,13.012560397316975,0.04283691987234178
12860,Hg+Mn+Na+O+Si+Ti+W+Y,61,8,6,14.611029512435834,0.0235076368464485
12862,Hg+Mn+Na+O+Ti+V+W+Y,62,8,7,14.654560461591245,0.04069136299389367
12863,Hg+Mn+Na+Si+Ti+V+W+Y,62,8,7,14.654560461591245,0.04069136299389367
12865,Hg+Na+O+Si+Ti+V+W+Y,61,8,6,13.031825448573727,0.04253333096521422
12896,K+Mn+Na+O+Si+Ti+W+Y,61,8,6,13.421084202557267,0.036815658589456825
12904,Mg+Mn+Na+O+Si+Ti+W+Y,61,8,6,13.224530802020581,0.03960575295642954
12910,Mn+Na+O+Si+Ti+V+W+Y,61,8,6,13.245149752903217,0.03930398314727049
13125,Al+Ca+Fe+Hg+Mn+Na+Ti+W+Y,64,9,9,17.125313030088364,0.04678937075081865
13353,Al+Ca+Fe+Mn+Na+O+Ti+W+Y,63,9,8,15.726096933400186,0.04647256229845237
13357,Al+Ca+Fe+Mn+Na+Si+Ti+W+Y,63,9,8,15.726096933400186,0.04647256229845237
13461,Al+Ca+Hg+K+Mn+Na+Ti+W+Y,64,9,9,17.33240524967141,0.043757976816553204
13486,Al+Ca+Hg+K+Na+O+Ti+W+Y,63,9,8,15.683837233994382,0.04713550910456717
13490,Al+Ca+Hg+K+Na+Si+Ti+W+Y,63,9,8,15.683837233994382,0.04713550910456717
13517,Al+Ca+Hg+Mg+Mn+Na+Ti+W+Y,64,9,9,17.13876062034251,0.046586825319995105
13556,Al+Ca+Hg+Mn+Na+O+Si+Ti+W,62,9,7,14.70695475614275,0.039944754737079806
13557,Al+Ca+Hg+Mn+Na+O+Si+Ti+Y,62,9,7,14.575595462831643,0.04184121861664768
13560,Al+Ca+Hg+Mn+Na+O+Si+W+Y,62,9,7,14.835009247821745,0.03817347107078145
13563,Al+Ca+Hg+Mn+Na+O+Ti+W+Y,63,9,8,17.101882350689266,0.02906549969128601
13567,Al+Ca+Hg+Mn+Na+Si+Ti+W+Y,63,9,8,17.101882350689266,0.02906549969128601
13569,Al+Ca+Hg+Mn+Na+Ti+V+W+Y,64,9,9,17.1394837391872,0.046575956625913656
13578,Al+Ca+Hg+Na+O+Si+Ti+W+Y,62,9,7,15.428591552441048,0.030881546568445564
13647,Al+Ca+K+Mn+Na+O+Ti+W+Y,63,9,8,15.94377644018141,0.04319194991530304
13651,Al+Ca+K+Mn+Na+Si+Ti+W+Y,63,9,8,15.94377644018141,0.04319194991530304
13662,Al+Ca+K+Na+O+Si+Ti+W+Y,62,9,7,14.284589446978316,0.04634506931249076
13675,Al+Ca+Mg+Mn+Na+O+Ti+W+Y,63,9,8,15.746270994635779,0.04615912400175385
13679,Al+Ca+Mg+Mn+Na+Si+Ti+W+Y,63,9,8,15.746270994635779,0.04615912400175385
13697,Al+Ca+Mn+Na+O+Si+Ti+W+Y,62,9,7,15.70674099215239,0.02793490834029975
13699,Al+Ca+Mn+Na+O+Ti+V+W+Y,63,9,8,15.743269031072487,0.046205640797699836
13700,Al+Ca+Mn+Na+Si+Ti+V+W+Y,63,9,8,15.743269031072487,0.046205640797699836
13791,Al+Fe+Hg+K+Mn+Na+Ti+W+Y,64,9,9,17.286538863595524,0.044413378417596384
13816,Al+Fe+Hg+K+Na+O+Ti+W+Y,63,9,8,15.580054377722718,0.04880074480232467
13820,Al+Fe+Hg+K+Na+Si+Ti+W+Y,63,9,8,15.580054377722718,0.04880074480232467
13847,Al+Fe+Hg+Mg+Mn+Na+Ti+W+Y,64,9,9,17.095905568735816,0.04723511632737469
13886,Al+Fe+Hg+Mn+Na+O+Si+Ti+W,62,9,7,14.584523405245818,0.04170971161296947
13887,Al+Fe+Hg+Mn+Na+O+Si+Ti+Y,62,9,7,14.546725845142646,0.042269111841393626
13890,Al+Fe+Hg+Mn+Na+O+Si+W+Y,62,9,7,14.771333943074751,0.03904486817069241
13893,Al+Fe+Hg+Mn+Na+O+Ti+W+Y,63,9,8,17.049262112164797,0.029600185596146168
13897,Al+Fe+Hg+Mn+Na+Si+Ti+W+Y,63,9,8,17.049262112164797,0.029600185596146168
13899,Al+Fe+Hg+Mn+Na+Ti+V+W+Y,64,9,9,17.080233434190177,0.04747425378778201
13908,Al+Fe+Hg+Na+O+Si+Ti+W+Y,62,9,7,15.31598653805986,0.03215562577031528
13977,Al+Fe+K+Mn+Na+O+Ti+W+Y,63,9,8,15.898026705056054,0.04386313717109528
13981,Al+Fe+K+Mn+Na+Si+Ti+W+Y,63,9,8,15.898026705056054,0.04386313717109528
13992,Al+Fe+K+Na+O+Si+Ti+W+Y,62,9,7,14.182130804905682,0.04803519404527331
14005,Al+Fe+Mg+Mn+Na+O+Ti+W+Y,63,9,8,15.703638546981438,0.04682379916750874
14009,Al+Fe+Mg+Mn+Na+Si+Ti+W+Y,63,9,8,15.703638546981438,0.04682379916750874
14027,Al+Fe+Mn+Na+O+Si+Ti+W+Y,62,9,7,15.654522636861657,0.028467078079963456
14029,Al+Fe+Mn+Na+O+Ti+V+W+Y,63,9,8,15.684814848950282,0.04712007483559537
14030,Al+Fe+Mn+Na+Si+Ti+V+W+Y,63,9,8,15.684814848950282,0.04712007483559537
14051,Al+Hg+K+Mg+Mn+Na+Ti+W+Y,64,9,9,17.311993248987164,0.04404854613342285
14076,Al+Hg+K+Mg+Na+O+Ti+W+Y,63,9,8,15.609525376265537,0.048322447535851694
14080,Al+Hg+K+Mg+Na+Si+Ti+W+Y,63,9,8,15.609525376265537,0.048322447535851694
14090,Al+Hg+K+Mn+Na+O+Si+Ti+W,62,9,7,14.767986158464737,0.0390911927681152
14091,Al+Hg+K+Mn+Na+O+Si+Ti+Y,62,9,7,14.812250005924852,0.0384828235744863
14094,Al+Hg+K+Mn+Na+O+Si+W+Y,62,9,7,15.020752174530116,0.035734310469807934
14097,Al+Hg+K+Mn+Na+O+Ti+W+Y,63,9,8,17.27095914002075,0.02740807133718614
14101,Al+Hg+K+Mn+Na+Si+Ti+W+Y,63,9,8,17.27095914002075,0.02740807133718614
14103,Al+Hg+K+Mn+Na+Ti+V+W+Y,64,9,9,17.308727607695346,0.044095197421640885
14112,Al+Hg+K+Na+O+Si+Ti+W+Y,62,9,7,15.565722818379982,0.029394050074520804
14114,Al+Hg+K+Na+O+Ti+V+W+Y,63,9,8,15.602409023265864,0.04843754497865654
14115,Al+Hg+K+Na+Si+Ti+V+W+Y,63,9,8,15.602409023265864,0.04843754497865654
14118,Al+Hg+Mg+Mn+Na+O+Si+Ti+W,62,9,7,14.63114465722856,0.04102922397461924
14119,Al+Hg+Mg+Mn+Na+O+Si+Ti+Y,62,9,7,14.561977257935268,0.0420425565785776
14122,Al+Hg+Mg+Mn+Na+O+Si+W+Y,62,9,7,14.79622097939091,0.038702100272038485
14125,Al+Hg+Mg+Mn+Na+O+Ti+W+Y,63,9,8,17.080163983414877,0.029285079505788188
14129,Al+Hg+Mg+Mn+Na+Si+Ti+W+Y,63,9,8,17.080163983414877,0.029285079505788188
14131,Al+Hg+Mg+Mn+Na+Ti+V+W+Y,64,9,9,17.111324274999333,0.047000923321824296
14140,Al+Hg+Mg+Na+O+Si+Ti+W+Y,62,9,7,15.350987833390718,0.031754405279304836
14145,Al+Hg+Mn+Na+O+Si+Ti+V+W,62,9,7,14.609445344306096,0.04134465123943737
14146,Al+Hg+Mn+Na+O+Si+Ti+V+Y,62,9,7,14.559999266152772,0.042071875095610646
14147,Al+Hg+Mn+Na+O+Si+Ti+W+Y,62,9,7,17.036177803176997,0.01716438457909751
14148,Al+Hg+Mn+Na+O+Si+V+W+Y,62,9,7,14.790039618690571,0.03878697252645021
14149,Al+Hg+Mn+Na+O+Ti+V+W+Y,63,9,8,17.06873710398395,0.02940123159364381
14150,Al+Hg+Mn+Na+Si+Ti+V+W+Y,63,9,8,17.06873710398395,0.02940123159364381
14152,Al+Hg+Na+O+Si+Ti+V+W+Y,62,9,7,15.335271787494548,0.03193397336304877
14161,Al+K+Mg+Mn+Na+O+Ti+W+Y,63,9,8,15.929010271365769,0.043407537232264023
14165,Al+K+Mg+Mn+Na+Si+Ti+W+Y,63,9,8,15.929010271365769,0.043407537232264023
14176,Al+K+Mg+Na+O+Si+Ti+W+Y,62,9,7,14.217133945145633,0.047451467255372776
14183,Al+K+Mn+Na+O+Si+Ti+W+Y,62,9,7,15.885442955641793,0.02618382761677615
14185,Al+K+Mn+Na+O+Ti+V+W+Y,63,9,8,15.922342065077828,0.04350521930440269
14186,Al+K+Mn+Na+Si+Ti+V+W+Y,63,9,8,15.922342065077828,0.04350521930440269
14188,Al+K+Na+O+Si+Ti+V+W+Y,62,9,7,14.206508019594366,0.04762797036874993
14191,Al+Mg+Mn+Na+O+Si+Ti+W+Y,62,9,7,15.690878324036476,0.02809556884734468
14193,Al+Mg+Mn+Na+O+Ti+V+W+Y,63,9,8,15.721138763437466,0.046549895754744865
14194,Al+Mg+Mn+Na+Si+Ti+V+W+Y,63,9,8,15.721138763437466,0.046549895754744865
14197,Al+Mn+Na+O+Si+Ti+V+W+Y,62,9,7,15.675891424766633,0.028248159092841795
14642,Ca+Hg+Mn+Na+O+Si+Ti+W+Y,62,9,7,14.625559336159768,0.0411101986534293
14807,Fe+Hg+Mn+Na+O+Si+Ti+W+Y,62,9,7,14.658061969502342,0.040641064139577646
14888,Hg+K+Mn+Na+O+Si+Ti+W+Y,62,9,7,14.823394384853145,0.03833105332792787
14896,Hg+Mg+Mn+Na+O+Si+Ti+W+Y,62,9,7,14.631181729271702,0.041028687009908055
14902,Hg+Mn+Na+O+Si+Ti+V+W+Y,62,9,7,14.654560461591245,0.04069136299389367
15103,Al+Ca+Fe+Hg+Mn+Na+O+Ti+W+Y,64,10,9,17.125313030088364,0.04678937075081865
15107,Al+Ca+Fe+Hg+Mn+Na+Si+Ti+W+Y,64,10,9,17.125313030088364,0.04678937075081865
15237,Al+Ca+Fe+Mn+Na+O+Si+Ti+W+Y,63,10,8,15.726096933400186,0.04647256229845237
15307,Al+Ca+Hg+K+Mn+Na+O+Ti+W+Y,64,10,9,17.33240524967141,0.043757976816553204
15311,Al+Ca+Hg+K+Mn+Na+Si+Ti+W+Y,64,10,9,17.33240524967141,0.043757976816553204
15322,Al+Ca+Hg+K+Na+O+Si+Ti+W+Y,63,10,8,15.683837233994382,0.04713550910456717
15335,Al+Ca+Hg+Mg+Mn+Na+O+Ti+W+Y,64,10,9,17.13876062034251,0.046586825319995105
15339,Al+Ca+Hg+Mg+Mn+Na+Si+Ti+W+Y,64,10,9,17.13876062034251,0.046586825319995105
15357,Al+Ca+Hg+Mn+Na+O+Si+Ti+W+Y,63,10,8,17.101882350689266,0.02906549969128601
15359,Al+Ca+Hg+Mn+Na+O+Ti+V+W+Y,64,10,9,17.1394837391872,0.046575956625913656
15360,Al+Ca+Hg+Mn+Na+Si+Ti+V+W+Y,64,10,9,17.1394837391872,0.046575956625913656
15393,Al+Ca+K+Mn+Na+O+Si+Ti+W+Y,63,10,8,15.94377644018141,0.04319194991530304
15401,Al+Ca+Mg+Mn+Na+O+Si+Ti+W+Y,63,10,8,15.746270994635779,0.04615912400175385
15407,Al+Ca+Mn+Na+O+Si+Ti+V+W+Y,63,10,8,15.743269031072487,0.046205640797699836
15472,Al+Fe+Hg+K+Mn+Na+O+Ti+W+Y,64,10,9,17.286538863595524,0.044413378417596384
15476,Al+Fe+Hg+K+Mn+Na+Si+Ti+W+Y,64,10,9,17.286538863595524,0.044413378417596384
15487,Al+Fe+Hg+K+Na+O+Si+Ti+W+Y,63,10,8,15.580054377722718,0.04880074480232467
15500,Al+Fe+Hg+Mg+Mn+Na+O+Ti+W+Y,64,10,9,17.095905568735816,0.04723511632737469
15504,Al+Fe+Hg+Mg+Mn+Na+Si+Ti+W+Y,64,10,9,17.095905568735816,0.04723511632737469
15522,Al+Fe+Hg+Mn+Na+O+Si+Ti+W+Y,63,10,8,17.049262112164797,0.029600185596146168
15524,Al+Fe+Hg+Mn+Na+O+Ti+V+W+Y,64,10,9,17.080233434190177,0.04747425378778201
15525,Al+Fe+Hg+Mn+Na+Si+Ti+V+W+Y,64,10,9,17.080233434190177,0.04747425378778201
15558,Al+Fe+K+Mn+Na+O+Si+Ti+W+Y,63,10,8,15.898026705056054,0.04386313717109528
15566,Al+Fe+Mg+Mn+Na+O+Si+Ti+W+Y,63,10,8,15.703638546981438,0.04682379916750874
15572,Al+Fe+Mn+Na+O+Si+Ti+V+W+Y,63,10,8,15.684814848950282,0.04712007483559537
15581,Al+Hg+K+Mg+Mn+Na+O+Ti+W+Y,64,10,9,17.311993248987164,0.04404854613342285
15585,Al+Hg+K+Mg+Mn+Na+Si+Ti+W+Y,64,10,9,17.311993248987164,0.04404854613342285
15596,Al+Hg+K+Mg+Na+O+Si+Ti+W+Y,63,10,8,15.609525376265537,0.048322447535851694
15603,Al+Hg+K+Mn+Na+O+Si+Ti+W+Y,63,10,8,17.27095914002075,0.02740807133718614
15605,Al+Hg+K+Mn+Na+O+Ti+V+W+Y,64,10,9,17.308727607695346,0.044095197421640885
15606,Al+Hg+K+Mn+Na+Si+Ti+V+W+Y,64,10,9,17.308727607695346,0.044095197421640885
15608,Al+Hg+K+Na+O+Si+Ti+V+W+Y,63,10,8,15.602409023265864,0.04843754497865654
15611,Al+Hg+Mg+Mn+Na+O+Si+Ti+W+Y,63,10,8,17.080163983414877,0.029285079505788188
15613,Al+Hg+Mg+Mn+Na+O+Ti+V+W+Y,64,10,9,17.111324274999333,0.047000923321824296
15614,Al+Hg+Mg+Mn+Na+Si+Ti+V+W+Y,64,10,9,17.111324274999333,0.047000923321824296
15617,Al+Hg+Mn+Na+O+Si+Ti+V+W+Y,63,10,8,17.06873710398395,0.02940123159364381
15620,Al+K+Mg+Mn+Na+O+Si+Ti+W+Y,63,10,8,15.929010271365769,0.043407537232264023
15626,Al+K+Mn+Na+O+Si+Ti+V+W+Y,63,10,8,15.922342065077828,0.04350521930440269
15627,Al+Mg+Mn+Na+O+Si+Ti+V+W+Y,63,10,8,15.721138763437466,0.046549895754744865
16028,Al+Ca+Fe+Hg+Mn+Na+O+Si+Ti+W+Y,64,11,9,17.125313030088364,0.04678937075081865
16109,Al+Ca+Hg+K+Mn+Na+O+Si+Ti+W+Y,64,11,9,17.33240524967141,0.043757976816553204
16117,Al+Ca+Hg+Mg+Mn+Na+O+Si+Ti+W+Y,64,11,9,17.13876062034251,0.046586825319995105
16123,Al+Ca+Hg+Mn+Na+O+Si+Ti+V+W+Y,64,11,9,17.1394837391872,0.046575956625913656
16164,Al+Fe+Hg+K+Mn+Na+O+Si+Ti+W+Y,64,11,9,17.286538863595524,0.044413378417596384
16172,Al+Fe+Hg+Mg+Mn+Na+O+Si+Ti+W+Y,64,11,9,17.095905568735816,0.04723511632737469
16178,Al+Fe+Hg+Mn+Na+O+Si+Ti+V+W+Y,64,11,9,17.080233434190177,0.04747425378778201
16191,Al+Hg+K+Mg+Mn+Na+O+Si+Ti+W+Y,64,11,9,17.311993248987164,0.04404854613342285
16197,Al+Hg+K+Mn+Na+O+Si+Ti+V+W+Y,64,11,9,17.308727607695346,0.044095197421640885
16198,Al+Hg+Mg+Mn+Na+O+Si+Ti+V+W+Y,64,11,9,17.111324274999333,0.047000923321824296
